Series Name,Series Code,Country Name,Country Code,1990 [YR1990],2000 [YR2000],2015 [YR2015],2016 [YR2016],2017 [YR2017],2018 [YR2018],2019 [YR2019],2020 [YR2020],2021 [YR2021],2022 [YR2022],2023 [YR2023],2024 [YR2024]
"Maternal mortality ratio (modeled estimate, per 100,000 live births)",SH.STA.MMRT,Afghanistan,AFG,1550,1372,741,702,659,629,601,634,660,551,521,
"Maternal mortality ratio (modeled estimate, per 100,000 live births)",SH.STA.MMRT,Albania,ALB,30,15,9,8,8,7,7,7,14,8,7,
"Maternal mortality ratio (modeled estimate, per 100,000 live births)",SH.STA.MMRT,Algeria,DZA,202,123,79,79,77,75,73,97,79,64,62,
"Maternal mortality ratio (modeled estimate, per 100,000 live births)",SH.STA.MMRT,American Samoa,ASM,,,,,,,,,,,,
"Maternal mortality ratio (modeled estimate, per 100,000 live births)",SH.STA.MMRT,Andorra,AND,16,14,10,10,11,11,11,48,18,17,11,
"Maternal mortality ratio (modeled estimate, per 100,000 live births)",SH.STA.MMRT,Angola,AGO,876,659,249,236,220,208,202,195,211,185,183,
"Maternal mortality ratio (modeled estimate, per 100,000 live births)",SH.STA.MMRT,Antigua and Barbuda,ATG,41,37,30,28,31,31,32,35,32,36,35,
"Maternal mortality ratio (modeled estimate, per 100,000 live births)",SH.STA.MMRT,Argentina,ARG,68,58,39,40,38,38,36,40,76,39,33,
"Maternal mortality ratio (modeled estimate, per 100,000 live births)",SH.STA.MMRT,Armenia,ARM,47,40,25,25,24,24,23,43,57,27,19,
"Maternal mortality ratio (modeled estimate, per 100,000 live births)",SH.STA.MMRT,Aruba,ABW,,,,,,,,,,,,
"Maternal mortality ratio (modeled estimate, per 100,000 live births)",SH.STA.MMRT,Australia,AUS,9,7,6,6,6,5,5,5,4,4,2,
"Maternal mortality ratio (modeled estimate, per 100,000 live births)",SH.STA.MMRT,Austria,AUT,12,7,7,6,6,7,7,6,6,7,6,
"Maternal mortality ratio (modeled estimate, per 100,000 live births)",SH.STA.MMRT,Azerbaijan,AZE,41,46,21,22,22,21,21,21,55,32,18,
"Maternal mortality ratio (modeled estimate, per 100,000 live births)",SH.STA.MMRT,"Bahamas, The",BHS,65,51,83,77,79,82,82,84,174,80,76,
"Maternal mortality ratio (modeled estimate, per 100,000 live births)",SH.STA.MMRT,Bahrain,BHR,35,25,16,17,17,16,17,7,10,5,17,
"Maternal mortality ratio (modeled estimate, per 100,000 live births)",SH.STA.MMRT,Bangladesh,BGD,870,523,204,191,179,168,157,152,194,131,115,
"Maternal mortality ratio (modeled estimate, per 100,000 live births)",SH.STA.MMRT,Barbados,BRB,59,46,37,36,37,37,36,39,38,38,35,
"Maternal mortality ratio (modeled estimate, per 100,000 live births)",SH.STA.MMRT,Belarus,BLR,33,20,1,1,1,1,1,2,2,1,1,
"Maternal mortality ratio (modeled estimate, per 100,000 live births)",SH.STA.MMRT,Belgium,BEL,9,8,5,5,5,5,4,4,7,11,4,
"Maternal mortality ratio (modeled estimate, per 100,000 live births)",SH.STA.MMRT,Belize,BLZ,77,78,47,51,56,60,61,88,157,110,67,
"Maternal mortality ratio (modeled estimate, per 100,000 live births)",SH.STA.MMRT,Benin,BEN,692,529,606,604,592,585,572,578,584,547,518,
"Maternal mortality ratio (modeled estimate, per 100,000 live births)",SH.STA.MMRT,Bermuda,BMU,,,,,,,,,,,,
"Maternal mortality ratio (modeled estimate, per 100,000 live births)",SH.STA.MMRT,Bhutan,BTN,704,324,68,63,58,55,52,51,50,49,47,
"Maternal mortality ratio (modeled estimate, per 100,000 live births)",SH.STA.MMRT,Bolivia,BOL,407,287,166,162,160,157,156,218,270,164,146,
"Maternal mortality ratio (modeled estimate, per 100,000 live births)",SH.STA.MMRT,Bosnia and Herzegovina,BIH,25,11,7,7,7,7,6,7,13,12,6,
"Maternal mortality ratio (modeled estimate, per 100,000 live births)",SH.STA.MMRT,Botswana,BWA,296,136,141,72,46,99,100,98,165,120,155,
"Maternal mortality ratio (modeled estimate, per 100,000 live births)",SH.STA.MMRT,Brazil,BRA,140,69,63,64,61,62,65,85,128,104,67,
"Maternal mortality ratio (modeled estimate, per 100,000 live births)",SH.STA.MMRT,British Virgin Islands,VGB,,,,,,,,,,,,
"Maternal mortality ratio (modeled estimate, per 100,000 live births)",SH.STA.MMRT,Brunei Darussalam,BRN,68,48,39,39,39,39,38,39,44,88,36,
"Maternal mortality ratio (modeled estimate, per 100,000 live births)",SH.STA.MMRT,Bulgaria,BGR,27,19,7,7,7,7,6,9,9,10,6,
"Maternal mortality ratio (modeled estimate, per 100,000 live births)",SH.STA.MMRT,Burkina Faso,BFA,759,524,328,313,298,286,274,334,354,316,242,
"Maternal mortality ratio (modeled estimate, per 100,000 live births)",SH.STA.MMRT,Burundi,BDI,1515,860,525,501,482,464,449,441,447,412,392,
"Maternal mortality ratio (modeled estimate, per 100,000 live births)",SH.STA.MMRT,Cabo Verde,CPV,298,110,46,44,43,43,41,56,56,42,40,
"Maternal mortality ratio (modeled estimate, per 100,000 live births)",SH.STA.MMRT,Cambodia,KHM,681,476,166,159,155,151,149,164,189,159,137,
"Maternal mortality ratio (modeled estimate, per 100,000 live births)",SH.STA.MMRT,Cameroon,CMR,570,678,417,393,372,354,336,316,342,276,258,
"Maternal mortality ratio (modeled estimate, per 100,000 live births)",SH.STA.MMRT,Canada,CAN,7,9,11,12,12,13,12,17,14,15,12,
"Maternal mortality ratio (modeled estimate, per 100,000 live births)",SH.STA.MMRT,Cayman Islands,CYM,,,,,,,,,,,,
"Maternal mortality ratio (modeled estimate, per 100,000 live births)",SH.STA.MMRT,Central African Republic,CAF,866,1490,981,962,1093,881,1650,1296,1127,841,692,
"Maternal mortality ratio (modeled estimate, per 100,000 live births)",SH.STA.MMRT,Chad,TCD,1113,1208,1176,1133,1085,1020,958,877,869,775,748,
"Maternal mortality ratio (modeled estimate, per 100,000 live births)",SH.STA.MMRT,Channel Islands,CHI,,,,,,,,,,,,
"Maternal mortality ratio (modeled estimate, per 100,000 live births)",SH.STA.MMRT,Chile,CHL,56,33,14,13,12,11,11,12,14,12,10,
"Maternal mortality ratio (modeled estimate, per 100,000 live births)",SH.STA.MMRT,China,CHN,102,56,26,25,24,22,21,20,21,18,16,
"Maternal mortality ratio (modeled estimate, per 100,000 live births)",SH.STA.MMRT,Colombia,COL,102,95,70,69,68,67,66,94,147,74,59,
"Maternal mortality ratio (modeled estimate, per 100,000 live births)",SH.STA.MMRT,Comoros,COM,737,476,237,225,219,209,202,198,215,186,179,
"Maternal mortality ratio (modeled estimate, per 100,000 live births)",SH.STA.MMRT,"Congo, Dem. Rep.",COD,755,585,545,526,519,508,493,489,507,456,427,
"Maternal mortality ratio (modeled estimate, per 100,000 live births)",SH.STA.MMRT,"Congo, Rep.",COG,505,509,284,263,262,259,245,247,301,241,241,
"Maternal mortality ratio (modeled estimate, per 100,000 live births)",SH.STA.MMRT,Costa Rica,CRI,40,36,26,27,27,28,26,34,44,27,24,
"Maternal mortality ratio (modeled estimate, per 100,000 live births)",SH.STA.MMRT,Cote d'Ivoire,CIV,619,378,505,488,465,449,429,447,459,409,359,
"Maternal mortality ratio (modeled estimate, per 100,000 live births)",SH.STA.MMRT,Croatia,HRV,10,8,4,4,4,3,4,5,12,6,3,
"Maternal mortality ratio (modeled estimate, per 100,000 live births)",SH.STA.MMRT,Cuba,CUB,66,48,41,40,39,39,40,40,172,41,35,
"Maternal mortality ratio (modeled estimate, per 100,000 live births)",SH.STA.MMRT,Curacao,CUW,,,,,,,,,,,,
"Maternal mortality ratio (modeled estimate, per 100,000 live births)",SH.STA.MMRT,Cyprus,CYP,15,12,11,12,12,13,13,87,98,53,14,
"Maternal mortality ratio (modeled estimate, per 100,000 live births)",SH.STA.MMRT,Czechia,CZE,15,7,3,3,3,3,3,3,4,3,3,
"Maternal mortality ratio (modeled estimate, per 100,000 live births)",SH.STA.MMRT,Denmark,DNK,12,9,5,5,5,5,4,4,8,6,4,
"Maternal mortality ratio (modeled estimate, per 100,000 live births)",SH.STA.MMRT,Djibouti,DJI,725,501,210,204,201,199,194,192,221,174,162,
"Maternal mortality ratio (modeled estimate, per 100,000 live births)",SH.STA.MMRT,Dominica,DMA,77,61,63,48,44,43,41,47,110,44,36,
"Maternal mortality ratio (modeled estimate, per 100,000 live births)",SH.STA.MMRT,Dominican Republic,DOM,203,76,102,106,104,107,118,121,153,124,124,
"Maternal mortality ratio (modeled estimate, per 100,000 live births)",SH.STA.MMRT,Ecuador,ECU,168,123,64,65,62,61,62,91,93,69,55,
"Maternal mortality ratio (modeled estimate, per 100,000 live births)",SH.STA.MMRT,"Egypt, Arab Rep.",EGY,107,53,24,23,21,20,19,31,42,24,17,
"Maternal mortality ratio (modeled estimate, per 100,000 live births)",SH.STA.MMRT,El Salvador,SLV,145,48,43,43,44,43,40,48,58,39,39,
"Maternal mortality ratio (modeled estimate, per 100,000 live births)",SH.STA.MMRT,Equatorial Guinea,GNQ,689,406,222,216,212,204,198,196,202,183,174,
"Maternal mortality ratio (modeled estimate, per 100,000 live births)",SH.STA.MMRT,Eritrea,ERI,1352,741,413,395,379,363,351,334,338,301,291,
"Maternal mortality ratio (modeled estimate, per 100,000 live births)",SH.STA.MMRT,Estonia,EST,44,27,6,7,5,5,6,6,8,7,5,
"Maternal mortality ratio (modeled estimate, per 100,000 live births)",SH.STA.MMRT,Eswatini,SWZ,520,361,283,213,151,133,96,102,219,112,118,
"Maternal mortality ratio (modeled estimate, per 100,000 live births)",SH.STA.MMRT,Ethiopia,ETH,1320,870,401,364,327,297,269,244,250,207,195,
"Maternal mortality ratio (modeled estimate, per 100,000 live births)",SH.STA.MMRT,Faroe Islands,FRO,,,,,,,,,,,,
"Maternal mortality ratio (modeled estimate, per 100,000 live births)",SH.STA.MMRT,Fiji,FJI,70,47,37,38,34,35,34,34,68,32,30,
"Maternal mortality ratio (modeled estimate, per 100,000 live births)",SH.STA.MMRT,Finland,FIN,8,7,7,7,8,8,8,9,8,8,8,
"Maternal mortality ratio (modeled estimate, per 100,000 live births)",SH.STA.MMRT,France,FRA,18,9,9,9,8,9,8,9,9,9,7,
"Maternal mortality ratio (modeled estimate, per 100,000 live births)",SH.STA.MMRT,French Polynesia,PYF,,,,,,,,,,,,
"Maternal mortality ratio (modeled estimate, per 100,000 live births)",SH.STA.MMRT,Gabon,GAB,368,178,239,215,184,176,179,194,249,216,233,
"Maternal mortality ratio (modeled estimate, per 100,000 live births)",SH.STA.MMRT,"Gambia, The",GMB,1207,810,527,490,469,450,422,400,420,365,354,
"Maternal mortality ratio (modeled estimate, per 100,000 live births)",SH.STA.MMRT,Georgia,GEO,34,43,30,28,27,24,22,30,60,22,20,
"Maternal mortality ratio (modeled estimate, per 100,000 live births)",SH.STA.MMRT,Germany,DEU,12,7,5,4,4,4,4,4,4,4,4,
"Maternal mortality ratio (modeled estimate, per 100,000 live births)",SH.STA.MMRT,Ghana,GHA,769,472,310,296,287,276,260,253,264,239,234,
"Maternal mortality ratio (modeled estimate, per 100,000 live births)",SH.STA.MMRT,Gibraltar,GIB,,,,,,,,,,,,
"Maternal mortality ratio (modeled estimate, per 100,000 live births)",SH.STA.MMRT,Greece,GRC,7,4,5,5,5,5,5,7,9,10,5,
"Maternal mortality ratio (modeled estimate, per 100,000 live births)",SH.STA.MMRT,Greenland,GRL,,,,,,,,,,,,
"Maternal mortality ratio (modeled estimate, per 100,000 live births)",SH.STA.MMRT,Grenada,GRD,61,46,46,44,45,46,48,51,52,50,48,
"Maternal mortality ratio (modeled estimate, per 100,000 live births)",SH.STA.MMRT,Guam,GUM,,,,,,,,,,,,
"Maternal mortality ratio (modeled estimate, per 100,000 live births)",SH.STA.MMRT,Guatemala,GTM,270,166,112,110,107,107,106,102,125,97,94,
"Maternal mortality ratio (modeled estimate, per 100,000 live births)",SH.STA.MMRT,Guinea,GIN,1162,951,642,606,582,560,548,528,533,500,494,
"Maternal mortality ratio (modeled estimate, per 100,000 live births)",SH.STA.MMRT,Guinea-Bissau,GNB,1709,1295,631,617,597,585,598,603,617,539,505,
"Maternal mortality ratio (modeled estimate, per 100,000 live births)",SH.STA.MMRT,Guyana,GUY,224,171,117,114,110,105,107,109,189,83,75,
"Maternal mortality ratio (modeled estimate, per 100,000 live births)",SH.STA.MMRT,Haiti,HTI,874,440,364,356,351,358,351,346,385,331,328,
"Maternal mortality ratio (modeled estimate, per 100,000 live births)",SH.STA.MMRT,Honduras,HND,159,82,57,55,53,52,51,57,88,48,47,
"Maternal mortality ratio (modeled estimate, per 100,000 live births)",SH.STA.MMRT,"Hong Kong SAR, China",HKG,,,,,,,,,,,,
"Maternal mortality ratio (modeled estimate, per 100,000 live births)",SH.STA.MMRT,Hungary,HUN,25,14,13,13,14,14,13,18,30,14,12,
"Maternal mortality ratio (modeled estimate, per 100,000 live births)",SH.STA.MMRT,Iceland,ISL,13,7,4,3,3,4,4,12,5,5,3,
"Maternal mortality ratio (modeled estimate, per 100,000 live births)",SH.STA.MMRT,India,IND,516,362,129,121,113,107,101,101,155,90,80,
"Maternal mortality ratio (modeled estimate, per 100,000 live births)",SH.STA.MMRT,Indonesia,IDN,392,311,190,182,173,168,161,184,226,148,140,
"Maternal mortality ratio (modeled estimate, per 100,000 live births)",SH.STA.MMRT,"Iran, Islamic Rep.",IRN,107,43,22,21,20,19,18,34,51,21,16,
"Maternal mortality ratio (modeled estimate, per 100,000 live births)",SH.STA.MMRT,Iraq,IRQ,195,146,86,87,81,76,74,63,77,59,66,
"Maternal mortality ratio (modeled estimate, per 100,000 live births)",SH.STA.MMRT,Ireland,IRL,11,8,5,4,4,5,4,6,6,7,4,
"Maternal mortality ratio (modeled estimate, per 100,000 live births)",SH.STA.MMRT,Isle of Man,IMN,,,,,,,,,,,,
"Maternal mortality ratio (modeled estimate, per 100,000 live births)",SH.STA.MMRT,Israel,ISR,29,9,3,3,3,3,3,3,3,3,2,
"Maternal mortality ratio (modeled estimate, per 100,000 live births)",SH.STA.MMRT,Italy,ITA,18,11,8,8,8,7,7,8,7,10,6,
"Maternal mortality ratio (modeled estimate, per 100,000 live births)",SH.STA.MMRT,Jamaica,JAM,54,82,100,102,106,112,120,126,186,138,130,
"Maternal mortality ratio (modeled estimate, per 100,000 live births)",SH.STA.MMRT,Japan,JPN,14,9,5,5,5,5,5,4,4,5,3,
"Maternal mortality ratio (modeled estimate, per 100,000 live births)",SH.STA.MMRT,Jordan,JOR,72,61,41,40,38,36,35,41,79,35,31,
"Maternal mortality ratio (modeled estimate, per 100,000 live births)",SH.STA.MMRT,Kazakhstan,KAZ,64,58,13,12,12,11,11,18,23,14,10,
"Maternal mortality ratio (modeled estimate, per 100,000 live births)",SH.STA.MMRT,Kenya,KEN,586,206,203,196,186,183,176,184,183,155,149,
"Maternal mortality ratio (modeled estimate, per 100,000 live births)",SH.STA.MMRT,Kiribati,KIR,199,119,90,88,90,87,89,89,122,86,80,
"Maternal mortality ratio (modeled estimate, per 100,000 live births)",SH.STA.MMRT,"Korea, Dem. People's Rep.",PRK,43,129,72,71,70,69,66,66,72,67,67,
"Maternal mortality ratio (modeled estimate, per 100,000 live births)",SH.STA.MMRT,"Korea, Rep.",KOR,28,15,6,6,6,5,5,12,5,7,4,
"Maternal mortality ratio (modeled estimate, per 100,000 live births)",SH.STA.MMRT,Kosovo,XKX,,,,,,,,,,,,
"Maternal mortality ratio (modeled estimate, per 100,000 live births)",SH.STA.MMRT,Kuwait,KWT,16,11,8,8,8,8,7,33,75,8,8,
"Maternal mortality ratio (modeled estimate, per 100,000 live births)",SH.STA.MMRT,Kyrgyz Republic,KGZ,72,72,58,53,49,49,47,55,70,44,42,
"Maternal mortality ratio (modeled estimate, per 100,000 live births)",SH.STA.MMRT,Lao PDR,LAO,834,609,180,165,154,145,137,132,139,120,112,
"Maternal mortality ratio (modeled estimate, per 100,000 live births)",SH.STA.MMRT,Latvia,LVA,47,34,22,23,23,23,22,21,42,29,19,
"Maternal mortality ratio (modeled estimate, per 100,000 live births)",SH.STA.MMRT,Lebanon,LBN,48,24,15,15,15,15,15,27,54,15,15,
"Maternal mortality ratio (modeled estimate, per 100,000 live births)",SH.STA.MMRT,Lesotho,LSO,665,413,594,518,468,491,467,529,577,477,478,
"Maternal mortality ratio (modeled estimate, per 100,000 live births)",SH.STA.MMRT,Liberia,LBR,2146,786,784,690,703,707,689,664,667,634,628,
"Maternal mortality ratio (modeled estimate, per 100,000 live births)",SH.STA.MMRT,Libya,LBY,67,71,76,74,69,66,65,71,98,60,59,
"Maternal mortality ratio (modeled estimate, per 100,000 live births)",SH.STA.MMRT,Liechtenstein,LIE,,,,,,,,,,,,
"Maternal mortality ratio (modeled estimate, per 100,000 live births)",SH.STA.MMRT,Lithuania,LTU,29,16,10,9,10,9,9,8,9,9,8,
"Maternal mortality ratio (modeled estimate, per 100,000 live births)",SH.STA.MMRT,Luxembourg,LUX,24,18,13,13,15,9,12,6,6,6,11,
"Maternal mortality ratio (modeled estimate, per 100,000 live births)",SH.STA.MMRT,"Macao SAR, China",MAC,,,,,,,,,,,,
"Maternal mortality ratio (modeled estimate, per 100,000 live births)",SH.STA.MMRT,Madagascar,MDG,692,638,474,470,469,466,462,447,467,439,445,
"Maternal mortality ratio (modeled estimate, per 100,000 live births)",SH.STA.MMRT,Malawi,MWI,1112,506,354,312,284,267,260,256,286,239,225,
"Maternal mortality ratio (modeled estimate, per 100,000 live births)",SH.STA.MMRT,Malaysia,MYS,51,37,30,30,29,29,28,29,52,38,26,
"Maternal mortality ratio (modeled estimate, per 100,000 live births)",SH.STA.MMRT,Maldives,MDV,346,94,41,41,41,40,39,48,60,34,32,
"Maternal mortality ratio (modeled estimate, per 100,000 live births)",SH.STA.MMRT,Mali,MLI,1087,741,490,472,453,434,416,405,415,381,367,
"Maternal mortality ratio (modeled estimate, per 100,000 live births)",SH.STA.MMRT,Malta,MLT,17,13,7,10,7,9,8,10,10,10,8,
"Maternal mortality ratio (modeled estimate, per 100,000 live births)",SH.STA.MMRT,Marshall Islands,MHL,311,251,184,183,179,167,168,178,206,174,155,
"Maternal mortality ratio (modeled estimate, per 100,000 live births)",SH.STA.MMRT,Mauritania,MRT,858,644,469,456,450,437,424,413,425,385,381,
"Maternal mortality ratio (modeled estimate, per 100,000 live births)",SH.STA.MMRT,Mauritius,MUS,77,43,61,62,66,67,67,58,80,61,66,
"Maternal mortality ratio (modeled estimate, per 100,000 live births)",SH.STA.MMRT,Mexico,MEX,81,56,43,43,44,44,43,61,104,45,42,
"Maternal mortality ratio (modeled estimate, per 100,000 live births)",SH.STA.MMRT,"Micronesia, Fed. Sts.",FSM,209,204,182,173,171,163,154,150,155,144,129,
"Maternal mortality ratio (modeled estimate, per 100,000 live births)",SH.STA.MMRT,Moldova,MDA,53,38,20,21,20,20,21,29,24,19,19,
"Maternal mortality ratio (modeled estimate, per 100,000 live births)",SH.STA.MMRT,Monaco,MCO,16,10,5,6,5,6,6,24,5,5,5,
"Maternal mortality ratio (modeled estimate, per 100,000 live births)",SH.STA.MMRT,Mongolia,MNG,276,144,52,48,45,45,45,47,63,41,41,
"Maternal mortality ratio (modeled estimate, per 100,000 live births)",SH.STA.MMRT,Montenegro,MNE,10,11,7,6,7,7,6,15,15,13,6,
"Maternal mortality ratio (modeled estimate, per 100,000 live births)",SH.STA.MMRT,Morocco,MAR,522,271,100,94,88,83,79,81,92,71,70,
"Maternal mortality ratio (modeled estimate, per 100,000 live births)",SH.STA.MMRT,Mozambique,MOZ,1150,547,216,202,187,159,134,123,180,104,99,
"Maternal mortality ratio (modeled estimate, per 100,000 live births)",SH.STA.MMRT,Myanmar,MMR,586,375,222,215,209,201,195,198,231,193,185,
"Maternal mortality ratio (modeled estimate, per 100,000 live births)",SH.STA.MMRT,Namibia,NAM,325,384,307,250,213,198,175,143,254,127,139,
"Maternal mortality ratio (modeled estimate, per 100,000 live births)",SH.STA.MMRT,Nauru,NRU,195,278,253,248,259,269,267,309,266,317,273,
"Maternal mortality ratio (modeled estimate, per 100,000 live births)",SH.STA.MMRT,Nepal,NPL,920,480,236,214,197,183,170,153,173,139,142,
"Maternal mortality ratio (modeled estimate, per 100,000 live births)",SH.STA.MMRT,Netherlands,NLD,12,13,5,5,5,5,5,4,5,4,4,
"Maternal mortality ratio (modeled estimate, per 100,000 live births)",SH.STA.MMRT,New Caledonia,NCL,,,,,,,,,,,,
"Maternal mortality ratio (modeled estimate, per 100,000 live births)",SH.STA.MMRT,New Zealand,NZL,18,11,8,8,8,7,8,8,8,23,7,
"Maternal mortality ratio (modeled estimate, per 100,000 live births)",SH.STA.MMRT,Nicaragua,NIC,281,213,81,77,72,67,69,87,124,61,60,
"Maternal mortality ratio (modeled estimate, per 100,000 live births)",SH.STA.MMRT,Niger,NER,983,845,473,450,433,420,406,388,396,361,350,
"Maternal mortality ratio (modeled estimate, per 100,000 live births)",SH.STA.MMRT,Nigeria,NGA,1285,1136,1168,1155,1142,1118,1091,1065,1046,1016,993,
"Maternal mortality ratio (modeled estimate, per 100,000 live births)",SH.STA.MMRT,North Macedonia,MKD,16,11,4,4,4,3,3,7,12,3,3,
"Maternal mortality ratio (modeled estimate, per 100,000 live births)",SH.STA.MMRT,Northern Mariana Islands,MNP,,,,,,,,,,,,
"Maternal mortality ratio (modeled estimate, per 100,000 live births)",SH.STA.MMRT,Norway,NOR,9,5,2,2,2,2,2,2,2,3,1,
"Maternal mortality ratio (modeled estimate, per 100,000 live births)",SH.STA.MMRT,Oman,OMN,29,19,15,14,14,14,14,32,74,13,13,
"Maternal mortality ratio (modeled estimate, per 100,000 live births)",SH.STA.MMRT,Pakistan,PAK,434,419,202,193,184,178,173,178,193,160,155,
"Maternal mortality ratio (modeled estimate, per 100,000 live births)",SH.STA.MMRT,Palau,PLW,100,119,79,80,80,82,84,117,109,121,89,
"Maternal mortality ratio (modeled estimate, per 100,000 live births)",SH.STA.MMRT,Panama,PAN,89,64,48,47,47,43,41,74,59,40,37,
"Maternal mortality ratio (modeled estimate, per 100,000 live births)",SH.STA.MMRT,Papua New Guinea,PNG,360,323,221,214,207,205,199,194,223,189,189,
"Maternal mortality ratio (modeled estimate, per 100,000 live births)",SH.STA.MMRT,Paraguay,PRY,198,207,64,60,58,58,58,69,140,78,58,
"Maternal mortality ratio (modeled estimate, per 100,000 live births)",SH.STA.MMRT,Peru,PER,191,115,71,69,67,66,60,75,141,81,51,
"Maternal mortality ratio (modeled estimate, per 100,000 live births)",SH.STA.MMRT,Philippines,PHL,173,127,104,98,86,92,92,88,153,92,84,
"Maternal mortality ratio (modeled estimate, per 100,000 live births)",SH.STA.MMRT,Poland,POL,18,7,2,2,2,2,2,3,2,2,2,
"Maternal mortality ratio (modeled estimate, per 100,000 live births)",SH.STA.MMRT,Portugal,PRT,17,9,11,12,13,14,15,14,19,16,15,
"Maternal mortality ratio (modeled estimate, per 100,000 live births)",SH.STA.MMRT,Puerto Rico (US),PRI,32,22,15,15,17,14,13,11,50,55,11,
"Maternal mortality ratio (modeled estimate, per 100,000 live births)",SH.STA.MMRT,Qatar,QAT,13,11,6,5,5,5,5,6,7,8,4,
"Maternal mortality ratio (modeled estimate, per 100,000 live births)",SH.STA.MMRT,Romania,ROU,118,45,18,17,17,15,14,16,20,13,12,
"Maternal mortality ratio (modeled estimate, per 100,000 live births)",SH.STA.MMRT,Russian Federation,RUS,58,51,15,14,12,12,12,19,21,13,9,
"Maternal mortality ratio (modeled estimate, per 100,000 live births)",SH.STA.MMRT,Rwanda,RWA,1309,885,292,278,275,269,261,252,254,234,229,
"Maternal mortality ratio (modeled estimate, per 100,000 live births)",SH.STA.MMRT,Samoa,WSM,135,93,108,108,111,110,111,114,115,110,101,
"Maternal mortality ratio (modeled estimate, per 100,000 live births)",SH.STA.MMRT,San Marino,SMR,11,14,8,7,7,7,7,46,35,22,8,
"Maternal mortality ratio (modeled estimate, per 100,000 live births)",SH.STA.MMRT,Sao Tome and Principe,STP,164,180,128,119,110,100,95,92,98,82,75,
"Maternal mortality ratio (modeled estimate, per 100,000 live births)",SH.STA.MMRT,Saudi Arabia,SAU,30,20,8,8,8,8,8,11,12,9,7,
"Maternal mortality ratio (modeled estimate, per 100,000 live births)",SH.STA.MMRT,Senegal,SEN,640,581,357,345,325,305,286,252,263,228,237,
"Maternal mortality ratio (modeled estimate, per 100,000 live births)",SH.STA.MMRT,Serbia,SRB,14,16,13,13,13,12,12,16,26,14,11,
"Maternal mortality ratio (modeled estimate, per 100,000 live births)",SH.STA.MMRT,Seychelles,SYC,53,45,46,47,47,49,48,51,74,89,42,
"Maternal mortality ratio (modeled estimate, per 100,000 live births)",SH.STA.MMRT,Sierra Leone,SLE,1572,1603,730,633,578,491,464,422,403,370,354,
"Maternal mortality ratio (modeled estimate, per 100,000 live births)",SH.STA.MMRT,Singapore,SGP,17,17,8,8,8,8,7,13,20,34,6,
"Maternal mortality ratio (modeled estimate, per 100,000 live births)",SH.STA.MMRT,Sint Maarten (Dutch part),SXM,,,,,,,,,,,,
"Maternal mortality ratio (modeled estimate, per 100,000 live births)",SH.STA.MMRT,Slovak Republic,SVK,18,8,5,5,5,5,5,4,12,5,4,
"Maternal mortality ratio (modeled estimate, per 100,000 live births)",SH.STA.MMRT,Slovenia,SVN,14,7,5,5,5,4,4,12,8,15,3,
"Maternal mortality ratio (modeled estimate, per 100,000 live births)",SH.STA.MMRT,Solomon Islands,SLB,184,166,146,143,140,136,135,131,153,126,123,
"Maternal mortality ratio (modeled estimate, per 100,000 live births)",SH.STA.MMRT,Somalia,SOM,1358,1150,784,754,716,727,656,655,726,622,563,
"Maternal mortality ratio (modeled estimate, per 100,000 live births)",SH.STA.MMRT,South Africa,ZAF,170,175,150,141,134,128,119,118,191,129,118,
"Maternal mortality ratio (modeled estimate, per 100,000 live births)",SH.STA.MMRT,South Sudan,SSD,4877,1658,1436,1629,1662,913,745,729,749,704,692,
"Maternal mortality ratio (modeled estimate, per 100,000 live births)",SH.STA.MMRT,Spain,ESP,6,5,4,3,3,3,3,4,4,4,3,
"Maternal mortality ratio (modeled estimate, per 100,000 live births)",SH.STA.MMRT,Sri Lanka,LKA,59,39,22,22,21,21,20,23,34,22,18,
"Maternal mortality ratio (modeled estimate, per 100,000 live births)",SH.STA.MMRT,St. Kitts and Nevis,KNA,302,143,76,75,74,78,74,80,111,99,74,
"Maternal mortality ratio (modeled estimate, per 100,000 live births)",SH.STA.MMRT,St. Lucia,LCA,72,83,46,46,43,41,43,43,94,48,44,
"Maternal mortality ratio (modeled estimate, per 100,000 live births)",SH.STA.MMRT,St. Martin (French part),MAF,,,,,,,,,,,,
"Maternal mortality ratio (modeled estimate, per 100,000 live births)",SH.STA.MMRT,St. Vincent and the Grenadines,VCT,72,68,59,52,58,56,58,57,105,56,56,
"Maternal mortality ratio (modeled estimate, per 100,000 live births)",SH.STA.MMRT,Sudan,SDN,840,645,298,288,277,268,262,273,305,263,256,
"Maternal mortality ratio (modeled estimate, per 100,000 live births)",SH.STA.MMRT,Suriname,SUR,350,282,115,109,105,101,97,94,144,88,84,
"Maternal mortality ratio (modeled estimate, per 100,000 live births)",SH.STA.MMRT,Sweden,SWE,8,5,5,5,5,5,4,5,5,5,4,
"Maternal mortality ratio (modeled estimate, per 100,000 live births)",SH.STA.MMRT,Switzerland,CHE,14,9,6,7,6,6,6,5,4,4,5,
"Maternal mortality ratio (modeled estimate, per 100,000 live births)",SH.STA.MMRT,Syrian Arab Republic,SYR,37,31,24,23,23,21,24,23,30,21,20,
"Maternal mortality ratio (modeled estimate, per 100,000 live births)",SH.STA.MMRT,Tajikistan,TJK,80,58,20,20,17,16,16,25,25,14,14,
"Maternal mortality ratio (modeled estimate, per 100,000 live births)",SH.STA.MMRT,Tanzania,TZA,900,568,433,396,345,319,292,160,162,152,276,
"Maternal mortality ratio (modeled estimate, per 100,000 live births)",SH.STA.MMRT,Thailand,THA,60,49,34,34,34,34,34,36,38,112,34,
"Maternal mortality ratio (modeled estimate, per 100,000 live births)",SH.STA.MMRT,Timor-Leste,TLS,1477,796,305,287,269,251,237,257,263,235,192,
"Maternal mortality ratio (modeled estimate, per 100,000 live births)",SH.STA.MMRT,Togo,TGO,657,496,470,460,443,435,416,398,397,362,349,
"Maternal mortality ratio (modeled estimate, per 100,000 live births)",SH.STA.MMRT,Tonga,TON,138,100,79,78,77,74,73,74,76,72,67,
"Maternal mortality ratio (modeled estimate, per 100,000 live births)",SH.STA.MMRT,Trinidad and Tobago,TTO,84,76,50,51,51,53,53,35,54,30,54,
"Maternal mortality ratio (modeled estimate, per 100,000 live births)",SH.STA.MMRT,Tunisia,TUN,85,56,40,39,38,38,37,40,65,38,36,
"Maternal mortality ratio (modeled estimate, per 100,000 live births)",SH.STA.MMRT,Turkiye,TUR,42,32,19,19,18,17,17,19,20,21,15,
"Maternal mortality ratio (modeled estimate, per 100,000 live births)",SH.STA.MMRT,Turkmenistan,TKM,62,25,6,6,5,5,5,5,6,5,5,
"Maternal mortality ratio (modeled estimate, per 100,000 live births)",SH.STA.MMRT,Turks and Caicos Islands,TCA,,,,,,,,,,,,
"Maternal mortality ratio (modeled estimate, per 100,000 live births)",SH.STA.MMRT,Tuvalu,TUV,291,237,169,170,171,153,155,206,157,220,170,
"Maternal mortality ratio (modeled estimate, per 100,000 live births)",SH.STA.MMRT,Uganda,UGA,575,475,299,272,246,232,219,209,216,184,170,
"Maternal mortality ratio (modeled estimate, per 100,000 live births)",SH.STA.MMRT,Ukraine,UKR,40,32,17,17,16,16,16,18,26,16,15,
"Maternal mortality ratio (modeled estimate, per 100,000 live births)",SH.STA.MMRT,United Arab Emirates,ARE,19,8,3,3,3,3,3,6,6,2,3,
"Maternal mortality ratio (modeled estimate, per 100,000 live births)",SH.STA.MMRT,United Kingdom,GBR,6,12,9,9,9,9,9,14,13,15,8,
"Maternal mortality ratio (modeled estimate, per 100,000 live births)",SH.STA.MMRT,United States,USA,12,12,17,18,18,18,18,22,31,20,17,
"Maternal mortality ratio (modeled estimate, per 100,000 live births)",SH.STA.MMRT,Uruguay,URY,35,23,16,16,16,16,16,20,49,20,15,
"Maternal mortality ratio (modeled estimate, per 100,000 live births)",SH.STA.MMRT,Uzbekistan,UZB,50,42,31,31,30,29,29,29,28,27,26,
"Maternal mortality ratio (modeled estimate, per 100,000 live births)",SH.STA.MMRT,Vanuatu,VUT,151,133,109,107,107,108,105,107,124,105,100,
"Maternal mortality ratio (modeled estimate, per 100,000 live births)",SH.STA.MMRT,"Venezuela, RB",VEN,83,86,136,162,195,205,202,207,251,219,227,
"Maternal mortality ratio (modeled estimate, per 100,000 live births)",SH.STA.MMRT,Viet Nam,VNM,147,83,58,56,55,53,52,51,52,49,48,
"Maternal mortality ratio (modeled estimate, per 100,000 live births)",SH.STA.MMRT,Virgin Islands (U.S.),VIR,,,,,,,,,,,,
"Maternal mortality ratio (modeled estimate, per 100,000 live births)",SH.STA.MMRT,West Bank and Gaza,PSE,78,59,26,23,21,19,18,20,29,17,16,
"Maternal mortality ratio (modeled estimate, per 100,000 live births)",SH.STA.MMRT,"Yemen, Rep.",YEM,359,241,135,134,142,134,131,135,156,125,118,
"Maternal mortality ratio (modeled estimate, per 100,000 live births)",SH.STA.MMRT,Zambia,ZMB,625,340,154,158,141,117,103,99,140,89,85,
"Maternal mortality ratio (modeled estimate, per 100,000 live births)",SH.STA.MMRT,Zimbabwe,ZWE,353,405,428,411,389,386,388,380,446,368,358,
"Maternal mortality ratio (modeled estimate, per 100,000 live births)",SH.STA.MMRT,Africa Eastern and Southern,AFE,933,612,394,376,354,327,308,290,312,269,268,
"Maternal mortality ratio (modeled estimate, per 100,000 live births)",SH.STA.MMRT,Africa Western and Central,AFW,1060,907,820,799,782,757,744,720,716,674,650,
"Maternal mortality ratio (modeled estimate, per 100,000 live births)",SH.STA.MMRT,Arab World,ARB,325,245,137,135,133,134,130,138,158,129,121,
"Maternal mortality ratio (modeled estimate, per 100,000 live births)",SH.STA.MMRT,Caribbean small states,CSS,151,127,78,76,75,75,75,74,124,68,65,
"Maternal mortality ratio (modeled estimate, per 100,000 live births)",SH.STA.MMRT,Central Europe and the Baltics,CEB,41,18,8,7,7,7,7,8,11,7,6,
"Maternal mortality ratio (modeled estimate, per 100,000 live births)",SH.STA.MMRT,Early-demographic dividend,EAR,456,332,148,140,133,128,122,126,162,112,104,
"Maternal mortality ratio (modeled estimate, per 100,000 live births)",SH.STA.MMRT,East Asia & Pacific,EAS,157,119,70,66,62,64,63,72,94,72,66,
"Maternal mortality ratio (modeled estimate, per 100,000 live births)",SH.STA.MMRT,East Asia & Pacific (excluding high income),EAP,162,126,72,68,64,66,65,74,95,74,68,
"Maternal mortality ratio (modeled estimate, per 100,000 live births)",SH.STA.MMRT,East Asia & Pacific (IDA & IBRD countries),TEA,164,125,72,68,64,66,65,74,96,74,68,
"Maternal mortality ratio (modeled estimate, per 100,000 live births)",SH.STA.MMRT,Euro area,EMU,14,9,6,6,6,6,6,7,7,7,5,
"Maternal mortality ratio (modeled estimate, per 100,000 live births)",SH.STA.MMRT,Europe & Central Asia,ECS,36,25,14,13,13,12,12,16,18,14,11,
"Maternal mortality ratio (modeled estimate, per 100,000 live births)",SH.STA.MMRT,Europe & Central Asia (excluding high income),ECA,47,37,21,20,20,19,19,22,26,21,18,
"Maternal mortality ratio (modeled estimate, per 100,000 live births)",SH.STA.MMRT,Europe & Central Asia (IDA & IBRD countries),TEC,50,38,18,17,16,16,16,20,23,17,14,
"Maternal mortality ratio (modeled estimate, per 100,000 live births)",SH.STA.MMRT,European Union,EUU,21,11,7,6,6,6,6,7,8,7,5,
"Maternal mortality ratio (modeled estimate, per 100,000 live births)",SH.STA.MMRT,Fragile and conflict affected situations,FCS,953,761,605,589,573,544,526,511,523,477,458,
"Maternal mortality ratio (modeled estimate, per 100,000 live births)",SH.STA.MMRT,Heavily indebted poor countries (HIPC),HPC,953,701,459,435,414,394,380,362,378,329,321,
"Maternal mortality ratio (modeled estimate, per 100,000 live births)",SH.STA.MMRT,High income,HIC,24,16,11,11,11,11,11,14,18,13,10,
"Maternal mortality ratio (modeled estimate, per 100,000 live births)",SH.STA.MMRT,IBRD only,IBD,254,198,84,80,75,75,73,79,113,74,67,
"Maternal mortality ratio (modeled estimate, per 100,000 live births)",SH.STA.MMRT,IDA & IBRD total,IBT,423,355,241,232,225,221,216,219,247,209,202,
"Maternal mortality ratio (modeled estimate, per 100,000 live births)",SH.STA.MMRT,IDA blend,IDB,725,656,602,590,576,561,543,531,534,500,487,
"Maternal mortality ratio (modeled estimate, per 100,000 live births)",SH.STA.MMRT,IDA only,IDX,917,636,406,388,370,344,331,315,334,288,280,
"Maternal mortality ratio (modeled estimate, per 100,000 live births)",SH.STA.MMRT,IDA total,IDA,850,643,477,461,443,421,405,390,404,361,352,
"Maternal mortality ratio (modeled estimate, per 100,000 live births)",SH.STA.MMRT,Late-demographic dividend,LTE,106,63,34,32,31,31,30,35,46,39,30,
"Maternal mortality ratio (modeled estimate, per 100,000 live births)",SH.STA.MMRT,Latin America & Caribbean,LCN,146,92,74,75,76,77,76,94,140,93,77,
"Maternal mortality ratio (modeled estimate, per 100,000 live births)",SH.STA.MMRT,Latin America & Caribbean (excluding high income),LAC,154,94,72,72,70,71,71,88,132,86,69,
"Maternal mortality ratio (modeled estimate, per 100,000 live births)",SH.STA.MMRT,Latin America & the Caribbean (IDA & IBRD countries),TLA,148,92,74,75,75,76,75,92,133,90,75,
"Maternal mortality ratio (modeled estimate, per 100,000 live births)",SH.STA.MMRT,Least developed countries: UN classification,LDC,979,675,421,402,382,356,342,325,344,297,289,
"Maternal mortality ratio (modeled estimate, per 100,000 live births)",SH.STA.MMRT,Low & middle income,LMY,415,347,242,233,227,222,218,221,251,212,205,
"Maternal mortality ratio (modeled estimate, per 100,000 live births)",SH.STA.MMRT,Low income,LIC,1048,747,491,472,454,421,408,396,418,364,346,
"Maternal mortality ratio (modeled estimate, per 100,000 live births)",SH.STA.MMRT,Lower middle income,LMC,572,433,291,283,274,266,257,251,289,238,235,
"Maternal mortality ratio (modeled estimate, per 100,000 live births)",SH.STA.MMRT,"Middle East, North Africa, Afghanistan & Pakistan",MEA,171,103,54,53,52,51,51,60,74,50,47,
"Maternal mortality ratio (modeled estimate, per 100,000 live births)",SH.STA.MMRT,"Middle East, North Africa, Afghanistan & Pakistan (excluding high income)",MNA,336,330,163,158,151,149,146,156,171,137,131,
"Maternal mortality ratio (modeled estimate, per 100,000 live births)",SH.STA.MMRT,"Middle East, North Africa, Afghanistan & Pakistan (IDA & IBRD)",TMN,338,332,165,159,153,150,147,157,172,138,132,
"Maternal mortality ratio (modeled estimate, per 100,000 live births)",SH.STA.MMRT,Middle income,MIC,362,300,201,193,186,186,181,184,215,178,174,
"Maternal mortality ratio (modeled estimate, per 100,000 live births)",SH.STA.MMRT,North America,NAC,11,12,17,17,17,17,17,22,30,20,16,
"Maternal mortality ratio (modeled estimate, per 100,000 live births)",SH.STA.MMRT,Not classified,INX,,,,,,,,,,,,
"Maternal mortality ratio (modeled estimate, per 100,000 live births)",SH.STA.MMRT,OECD members,OED,31,24,18,18,18,18,18,24,35,21,17,
"Maternal mortality ratio (modeled estimate, per 100,000 live births)",SH.STA.MMRT,Other small states,OSS,499,306,158,142,129,121,113,122,149,116,103,
"Maternal mortality ratio (modeled estimate, per 100,000 live births)",SH.STA.MMRT,Pacific island small states,PSS,136,115,102,101,100,98,97,98,119,95,90,
"Maternal mortality ratio (modeled estimate, per 100,000 live births)",SH.STA.MMRT,Post-demographic dividend,PST,16,12,11,11,11,11,11,14,18,13,10,
"Maternal mortality ratio (modeled estimate, per 100,000 live births)",SH.STA.MMRT,Pre-demographic dividend,PRE,1010,763,614,595,575,546,528,507,516,472,461,
"Maternal mortality ratio (modeled estimate, per 100,000 live births)",SH.STA.MMRT,Small states,SST,365,234,131,121,112,108,102,108,138,102,93,
"Maternal mortality ratio (modeled estimate, per 100,000 live births)",SH.STA.MMRT,South Asia,SAS,567,415,173,163,155,148,142,145,194,130,120,
"Maternal mortality ratio (modeled estimate, per 100,000 live births)",SH.STA.MMRT,South Asia (IDA & IBRD),TSA,562,380,138,129,121,114,108,107,159,95,85,
"Maternal mortality ratio (modeled estimate, per 100,000 live births)",SH.STA.MMRT,Sub-Saharan Africa,SSF,1004,744,593,575,554,526,507,486,501,455,448,
"Maternal mortality ratio (modeled estimate, per 100,000 live births)",SH.STA.MMRT,Sub-Saharan Africa (excluding high income),SSA,947,719,595,576,557,529,512,490,502,459,449,
"Maternal mortality ratio (modeled estimate, per 100,000 live births)",SH.STA.MMRT,Sub-Saharan Africa (IDA & IBRD countries),TSS,986,735,577,556,535,507,488,465,477,434,424,
"Maternal mortality ratio (modeled estimate, per 100,000 live births)",SH.STA.MMRT,Upper middle income,UMC,134,97,61,58,55,56,55,67,93,66,57,
"Maternal mortality ratio (modeled estimate, per 100,000 live births)",SH.STA.MMRT,World,WLD,391,328,228,220,215,211,207,211,242,203,197,
,,,,,,,,,,,,,,,
,,,,,,,,,,,,,,,
,,,,,,,,,,,,,,,
Data from database: World Development Indicators,,,,,,,,,,,,,,,
Last Updated: 07/01/2025,,,,,,,,,,,,,,,
